<?xml version="1.0" encoding="UTF-8"?>
<project-private xmlns="http://www.netbeans.org/ns/project-private/1">
    <editor-bookmarks xmlns="http://www.netbeans.org/ns/editor-bookmarks/2" lastBookmarkId="0"/>
    <open-files xmlns="http://www.netbeans.org/ns/projectui-open-files/2">
        <group>
            <file>file:/D:/PBO/Perpustakaan/src/perpustakaan/Form/Laporan.java</file>
            <file>file:/D:/PBO/Perpustakaan/src/perpustakaan/Form/Login.java</file>
            <file>file:/D:/PBO/Perpustakaan/src/perpustakaan/CRUD.java</file>
            <file>file:/D:/PBO/Perpustakaan/src/perpustakaan/Form/Profile.java</file>
            <file>file:/D:/PBO/Perpustakaan/src/perpustakaan/Form/Peminjaman.java</file>
            <file>file:/D:/PBO/Perpustakaan/src/perpustakaan/Form/Menu.java</file>
            <file>file:/D:/PBO/Perpustakaan/src/perpustakaan/Form/About.java</file>
            <file>file:/D:/PBO/Perpustakaan/src/perpustakaan/Form/Pengembalian.java</file>
            <file>file:/D:/PBO/Perpustakaan/src/perpustakaan/Perpustakaan.java</file>
            <file>file:/D:/PBO/Perpustakaan/src/perpustakaan/Form/Buku_1.java</file>
            <file>file:/D:/PBO/Perpustakaan/src/perpustakaan/Form/Mahasiswa.java</file>
            <file>file:/D:/PBO/Perpustakaan/src/perpustakaan/Form/Mahasiswa_1.java</file>
            <file>file:/D:/PBO/Perpustakaan/src/perpustakaan/Form/Pegawai.java</file>
            <file>file:/D:/PBO/Perpustakaan/src/perpustakaan/Form/Buku.java</file>
        </group>
    </open-files>
</project-private>
